--
-- PostgreSQL database dump
--

-- Dumped from database version 15.2 (Debian 15.2-1.pgdg110+1)
-- Dumped by pg_dump version 15.2 (Debian 15.2-1.pgdg110+1)

SET statement_timeout = 0;
SET lock_timeout = 0;
SET idle_in_transaction_session_timeout = 0;
SET client_encoding = 'UTF8';
SET standard_conforming_strings = on;
SELECT pg_catalog.set_config('search_path', '', false);
SET check_function_bodies = false;
SET xmloption = content;
SET client_min_messages = warning;
SET row_security = off;

SET default_tablespace = '';

SET default_table_access_method = heap;

--
-- Name: auth_group; Type: TABLE; Schema: public; Owner: my_db_user
--

CREATE TABLE public.auth_group (
    id integer NOT NULL,
    name character varying(150) NOT NULL
);


ALTER TABLE public.auth_group OWNER TO my_db_user;

--
-- Name: auth_group_id_seq; Type: SEQUENCE; Schema: public; Owner: my_db_user
--

ALTER TABLE public.auth_group ALTER COLUMN id ADD GENERATED BY DEFAULT AS IDENTITY (
    SEQUENCE NAME public.auth_group_id_seq
    START WITH 1
    INCREMENT BY 1
    NO MINVALUE
    NO MAXVALUE
    CACHE 1
);


--
-- Name: auth_group_permissions; Type: TABLE; Schema: public; Owner: my_db_user
--

CREATE TABLE public.auth_group_permissions (
    id bigint NOT NULL,
    group_id integer NOT NULL,
    permission_id integer NOT NULL
);


ALTER TABLE public.auth_group_permissions OWNER TO my_db_user;

--
-- Name: auth_group_permissions_id_seq; Type: SEQUENCE; Schema: public; Owner: my_db_user
--

ALTER TABLE public.auth_group_permissions ALTER COLUMN id ADD GENERATED BY DEFAULT AS IDENTITY (
    SEQUENCE NAME public.auth_group_permissions_id_seq
    START WITH 1
    INCREMENT BY 1
    NO MINVALUE
    NO MAXVALUE
    CACHE 1
);


--
-- Name: auth_permission; Type: TABLE; Schema: public; Owner: my_db_user
--

CREATE TABLE public.auth_permission (
    id integer NOT NULL,
    name character varying(255) NOT NULL,
    content_type_id integer NOT NULL,
    codename character varying(100) NOT NULL
);


ALTER TABLE public.auth_permission OWNER TO my_db_user;

--
-- Name: auth_permission_id_seq; Type: SEQUENCE; Schema: public; Owner: my_db_user
--

ALTER TABLE public.auth_permission ALTER COLUMN id ADD GENERATED BY DEFAULT AS IDENTITY (
    SEQUENCE NAME public.auth_permission_id_seq
    START WITH 1
    INCREMENT BY 1
    NO MINVALUE
    NO MAXVALUE
    CACHE 1
);


--
-- Name: auth_user; Type: TABLE; Schema: public; Owner: my_db_user
--

CREATE TABLE public.auth_user (
    id integer NOT NULL,
    password character varying(128) NOT NULL,
    last_login timestamp with time zone,
    is_superuser boolean NOT NULL,
    username character varying(150) NOT NULL,
    first_name character varying(150) NOT NULL,
    last_name character varying(150) NOT NULL,
    email character varying(254) NOT NULL,
    is_staff boolean NOT NULL,
    is_active boolean NOT NULL,
    date_joined timestamp with time zone NOT NULL
);


ALTER TABLE public.auth_user OWNER TO my_db_user;

--
-- Name: auth_user_groups; Type: TABLE; Schema: public; Owner: my_db_user
--

CREATE TABLE public.auth_user_groups (
    id bigint NOT NULL,
    user_id integer NOT NULL,
    group_id integer NOT NULL
);


ALTER TABLE public.auth_user_groups OWNER TO my_db_user;

--
-- Name: auth_user_groups_id_seq; Type: SEQUENCE; Schema: public; Owner: my_db_user
--

ALTER TABLE public.auth_user_groups ALTER COLUMN id ADD GENERATED BY DEFAULT AS IDENTITY (
    SEQUENCE NAME public.auth_user_groups_id_seq
    START WITH 1
    INCREMENT BY 1
    NO MINVALUE
    NO MAXVALUE
    CACHE 1
);


--
-- Name: auth_user_id_seq; Type: SEQUENCE; Schema: public; Owner: my_db_user
--

ALTER TABLE public.auth_user ALTER COLUMN id ADD GENERATED BY DEFAULT AS IDENTITY (
    SEQUENCE NAME public.auth_user_id_seq
    START WITH 1
    INCREMENT BY 1
    NO MINVALUE
    NO MAXVALUE
    CACHE 1
);


--
-- Name: auth_user_user_permissions; Type: TABLE; Schema: public; Owner: my_db_user
--

CREATE TABLE public.auth_user_user_permissions (
    id bigint NOT NULL,
    user_id integer NOT NULL,
    permission_id integer NOT NULL
);


ALTER TABLE public.auth_user_user_permissions OWNER TO my_db_user;

--
-- Name: auth_user_user_permissions_id_seq; Type: SEQUENCE; Schema: public; Owner: my_db_user
--

ALTER TABLE public.auth_user_user_permissions ALTER COLUMN id ADD GENERATED BY DEFAULT AS IDENTITY (
    SEQUENCE NAME public.auth_user_user_permissions_id_seq
    START WITH 1
    INCREMENT BY 1
    NO MINVALUE
    NO MAXVALUE
    CACHE 1
);


--
-- Name: django_admin_log; Type: TABLE; Schema: public; Owner: my_db_user
--

CREATE TABLE public.django_admin_log (
    id integer NOT NULL,
    action_time timestamp with time zone NOT NULL,
    object_id text,
    object_repr character varying(200) NOT NULL,
    action_flag smallint NOT NULL,
    change_message text NOT NULL,
    content_type_id integer,
    user_id integer NOT NULL,
    CONSTRAINT django_admin_log_action_flag_check CHECK ((action_flag >= 0))
);


ALTER TABLE public.django_admin_log OWNER TO my_db_user;

--
-- Name: django_admin_log_id_seq; Type: SEQUENCE; Schema: public; Owner: my_db_user
--

ALTER TABLE public.django_admin_log ALTER COLUMN id ADD GENERATED BY DEFAULT AS IDENTITY (
    SEQUENCE NAME public.django_admin_log_id_seq
    START WITH 1
    INCREMENT BY 1
    NO MINVALUE
    NO MAXVALUE
    CACHE 1
);


--
-- Name: django_content_type; Type: TABLE; Schema: public; Owner: my_db_user
--

CREATE TABLE public.django_content_type (
    id integer NOT NULL,
    app_label character varying(100) NOT NULL,
    model character varying(100) NOT NULL
);


ALTER TABLE public.django_content_type OWNER TO my_db_user;

--
-- Name: django_content_type_id_seq; Type: SEQUENCE; Schema: public; Owner: my_db_user
--

ALTER TABLE public.django_content_type ALTER COLUMN id ADD GENERATED BY DEFAULT AS IDENTITY (
    SEQUENCE NAME public.django_content_type_id_seq
    START WITH 1
    INCREMENT BY 1
    NO MINVALUE
    NO MAXVALUE
    CACHE 1
);


--
-- Name: django_migrations; Type: TABLE; Schema: public; Owner: my_db_user
--

CREATE TABLE public.django_migrations (
    id bigint NOT NULL,
    app character varying(255) NOT NULL,
    name character varying(255) NOT NULL,
    applied timestamp with time zone NOT NULL
);


ALTER TABLE public.django_migrations OWNER TO my_db_user;

--
-- Name: django_migrations_id_seq; Type: SEQUENCE; Schema: public; Owner: my_db_user
--

ALTER TABLE public.django_migrations ALTER COLUMN id ADD GENERATED BY DEFAULT AS IDENTITY (
    SEQUENCE NAME public.django_migrations_id_seq
    START WITH 1
    INCREMENT BY 1
    NO MINVALUE
    NO MAXVALUE
    CACHE 1
);


--
-- Name: django_session; Type: TABLE; Schema: public; Owner: my_db_user
--

CREATE TABLE public.django_session (
    session_key character varying(40) NOT NULL,
    session_data text NOT NULL,
    expire_date timestamp with time zone NOT NULL
);


ALTER TABLE public.django_session OWNER TO my_db_user;

--
-- Name: tasks_project; Type: TABLE; Schema: public; Owner: my_db_user
--

CREATE TABLE public.tasks_project (
    id bigint NOT NULL,
    project_title character varying(150) NOT NULL,
    project_description text NOT NULL,
    start_date timestamp with time zone NOT NULL,
    update_date timestamp with time zone NOT NULL,
    "projectStatus" character varying(20) NOT NULL,
    created_by_id integer NOT NULL,
    last_edited_by_id integer NOT NULL,
    end_date timestamp with time zone
);


ALTER TABLE public.tasks_project OWNER TO my_db_user;

--
-- Name: tasks_project_id_seq; Type: SEQUENCE; Schema: public; Owner: my_db_user
--

ALTER TABLE public.tasks_project ALTER COLUMN id ADD GENERATED BY DEFAULT AS IDENTITY (
    SEQUENCE NAME public.tasks_project_id_seq
    START WITH 1
    INCREMENT BY 1
    NO MINVALUE
    NO MAXVALUE
    CACHE 1
);


--
-- Name: users_staff; Type: TABLE; Schema: public; Owner: my_db_user
--

CREATE TABLE public.users_staff (
    id bigint NOT NULL,
    user_id integer NOT NULL
);


ALTER TABLE public.users_staff OWNER TO my_db_user;

--
-- Name: users_staff_id_seq; Type: SEQUENCE; Schema: public; Owner: my_db_user
--

ALTER TABLE public.users_staff ALTER COLUMN id ADD GENERATED BY DEFAULT AS IDENTITY (
    SEQUENCE NAME public.users_staff_id_seq
    START WITH 1
    INCREMENT BY 1
    NO MINVALUE
    NO MAXVALUE
    CACHE 1
);


--
-- Name: users_userprofile; Type: TABLE; Schema: public; Owner: my_db_user
--

CREATE TABLE public.users_userprofile (
    id bigint NOT NULL,
    user_id integer NOT NULL
);


ALTER TABLE public.users_userprofile OWNER TO my_db_user;

--
-- Name: users_userprofile_id_seq; Type: SEQUENCE; Schema: public; Owner: my_db_user
--

ALTER TABLE public.users_userprofile ALTER COLUMN id ADD GENERATED BY DEFAULT AS IDENTITY (
    SEQUENCE NAME public.users_userprofile_id_seq
    START WITH 1
    INCREMENT BY 1
    NO MINVALUE
    NO MAXVALUE
    CACHE 1
);


--
-- Data for Name: auth_group; Type: TABLE DATA; Schema: public; Owner: my_db_user
--



--
-- Data for Name: auth_group_permissions; Type: TABLE DATA; Schema: public; Owner: my_db_user
--



--
-- Data for Name: auth_permission; Type: TABLE DATA; Schema: public; Owner: my_db_user
--

INSERT INTO public.auth_permission VALUES (1, 'Can add project', 1, 'add_project');
INSERT INTO public.auth_permission VALUES (2, 'Can change project', 1, 'change_project');
INSERT INTO public.auth_permission VALUES (3, 'Can delete project', 1, 'delete_project');
INSERT INTO public.auth_permission VALUES (4, 'Can view project', 1, 'view_project');
INSERT INTO public.auth_permission VALUES (5, 'Can add user profile', 2, 'add_userprofile');
INSERT INTO public.auth_permission VALUES (6, 'Can change user profile', 2, 'change_userprofile');
INSERT INTO public.auth_permission VALUES (7, 'Can delete user profile', 2, 'delete_userprofile');
INSERT INTO public.auth_permission VALUES (8, 'Can view user profile', 2, 'view_userprofile');
INSERT INTO public.auth_permission VALUES (9, 'Can add log entry', 3, 'add_logentry');
INSERT INTO public.auth_permission VALUES (10, 'Can change log entry', 3, 'change_logentry');
INSERT INTO public.auth_permission VALUES (11, 'Can delete log entry', 3, 'delete_logentry');
INSERT INTO public.auth_permission VALUES (12, 'Can view log entry', 3, 'view_logentry');
INSERT INTO public.auth_permission VALUES (13, 'Can add permission', 4, 'add_permission');
INSERT INTO public.auth_permission VALUES (14, 'Can change permission', 4, 'change_permission');
INSERT INTO public.auth_permission VALUES (15, 'Can delete permission', 4, 'delete_permission');
INSERT INTO public.auth_permission VALUES (16, 'Can view permission', 4, 'view_permission');
INSERT INTO public.auth_permission VALUES (17, 'Can add group', 5, 'add_group');
INSERT INTO public.auth_permission VALUES (18, 'Can change group', 5, 'change_group');
INSERT INTO public.auth_permission VALUES (19, 'Can delete group', 5, 'delete_group');
INSERT INTO public.auth_permission VALUES (20, 'Can view group', 5, 'view_group');
INSERT INTO public.auth_permission VALUES (21, 'Can add user', 6, 'add_user');
INSERT INTO public.auth_permission VALUES (22, 'Can change user', 6, 'change_user');
INSERT INTO public.auth_permission VALUES (23, 'Can delete user', 6, 'delete_user');
INSERT INTO public.auth_permission VALUES (24, 'Can view user', 6, 'view_user');
INSERT INTO public.auth_permission VALUES (25, 'Can add content type', 7, 'add_contenttype');
INSERT INTO public.auth_permission VALUES (26, 'Can change content type', 7, 'change_contenttype');
INSERT INTO public.auth_permission VALUES (27, 'Can delete content type', 7, 'delete_contenttype');
INSERT INTO public.auth_permission VALUES (28, 'Can view content type', 7, 'view_contenttype');
INSERT INTO public.auth_permission VALUES (29, 'Can add session', 8, 'add_session');
INSERT INTO public.auth_permission VALUES (30, 'Can change session', 8, 'change_session');
INSERT INTO public.auth_permission VALUES (31, 'Can delete session', 8, 'delete_session');
INSERT INTO public.auth_permission VALUES (32, 'Can view session', 8, 'view_session');
INSERT INTO public.auth_permission VALUES (33, 'Can add staff', 9, 'add_staff');
INSERT INTO public.auth_permission VALUES (34, 'Can change staff', 9, 'change_staff');
INSERT INTO public.auth_permission VALUES (35, 'Can delete staff', 9, 'delete_staff');
INSERT INTO public.auth_permission VALUES (36, 'Can view staff', 9, 'view_staff');


--
-- Data for Name: auth_user; Type: TABLE DATA; Schema: public; Owner: my_db_user
--

INSERT INTO public.auth_user VALUES (2, 'pbkdf2_sha256$390000$nUc20tWnKN6phPDhNJixqc$2JXvHxl1tJVLboRo9LJKI1IUhxKZa4+8wlo/fT9ojZ0=', NULL, false, 'someusername', '', '', 'blah@gmail.com', false, true, '2023-12-16 04:35:14.641671+00');
INSERT INTO public.auth_user VALUES (1, 'pbkdf2_sha256$390000$YU8AoifWqn24nA6pG5PbJO$6SItGQnY/Z0yGPXPhdT/1foBLqPPKSUEll0d8wtHOOI=', '2023-12-16 04:37:59.78193+00', true, 'admin', '', '', '', true, true, '2023-12-15 03:05:10.985504+00');
INSERT INTO public.auth_user VALUES (3, 'pbkdf2_sha256$390000$nHuqtTsq9PKPcjpDnlgklH$dhVUNfv8Cqni8ETT0eMuYLfDs3LlFAGByKmLUNGHNAM=', '2023-12-16 04:39:14.2983+00', false, 'blahblah', '', '', 'blah@gmail.com', false, true, '2023-12-16 04:39:01.80705+00');
INSERT INTO public.auth_user VALUES (4, 'pbkdf2_sha256$390000$VkSP6wHFDr0H8NorV8mkJU$zUn95i3HL0yx/elKBcN6N8WFxOff4bx08a+Yq6T+fJs=', NULL, true, 'admin2', '', '', 'admin2@gmail.com', true, true, '2024-01-02 20:56:17.870745+00');


--
-- Data for Name: auth_user_groups; Type: TABLE DATA; Schema: public; Owner: my_db_user
--



--
-- Data for Name: auth_user_user_permissions; Type: TABLE DATA; Schema: public; Owner: my_db_user
--



--
-- Data for Name: django_admin_log; Type: TABLE DATA; Schema: public; Owner: my_db_user
--



--
-- Data for Name: django_content_type; Type: TABLE DATA; Schema: public; Owner: my_db_user
--

INSERT INTO public.django_content_type VALUES (1, 'tasks', 'project');
INSERT INTO public.django_content_type VALUES (2, 'users', 'userprofile');
INSERT INTO public.django_content_type VALUES (3, 'admin', 'logentry');
INSERT INTO public.django_content_type VALUES (4, 'auth', 'permission');
INSERT INTO public.django_content_type VALUES (5, 'auth', 'group');
INSERT INTO public.django_content_type VALUES (6, 'auth', 'user');
INSERT INTO public.django_content_type VALUES (7, 'contenttypes', 'contenttype');
INSERT INTO public.django_content_type VALUES (8, 'sessions', 'session');
INSERT INTO public.django_content_type VALUES (9, 'users', 'staff');


--
-- Data for Name: django_migrations; Type: TABLE DATA; Schema: public; Owner: my_db_user
--

INSERT INTO public.django_migrations VALUES (1, 'contenttypes', '0001_initial', '2023-12-15 03:04:43.560163+00');
INSERT INTO public.django_migrations VALUES (2, 'auth', '0001_initial', '2023-12-15 03:04:43.723634+00');
INSERT INTO public.django_migrations VALUES (3, 'admin', '0001_initial', '2023-12-15 03:04:43.774426+00');
INSERT INTO public.django_migrations VALUES (4, 'admin', '0002_logentry_remove_auto_add', '2023-12-15 03:04:43.79058+00');
INSERT INTO public.django_migrations VALUES (5, 'admin', '0003_logentry_add_action_flag_choices', '2023-12-15 03:04:43.808614+00');
INSERT INTO public.django_migrations VALUES (6, 'contenttypes', '0002_remove_content_type_name', '2023-12-15 03:04:43.845239+00');
INSERT INTO public.django_migrations VALUES (7, 'auth', '0002_alter_permission_name_max_length', '2023-12-15 03:04:43.865204+00');
INSERT INTO public.django_migrations VALUES (8, 'auth', '0003_alter_user_email_max_length', '2023-12-15 03:04:43.882923+00');
INSERT INTO public.django_migrations VALUES (9, 'auth', '0004_alter_user_username_opts', '2023-12-15 03:04:43.900457+00');
INSERT INTO public.django_migrations VALUES (10, 'auth', '0005_alter_user_last_login_null', '2023-12-15 03:04:43.917142+00');
INSERT INTO public.django_migrations VALUES (11, 'auth', '0006_require_contenttypes_0002', '2023-12-15 03:04:43.924702+00');
INSERT INTO public.django_migrations VALUES (12, 'auth', '0007_alter_validators_add_error_messages', '2023-12-15 03:04:43.942562+00');
INSERT INTO public.django_migrations VALUES (13, 'auth', '0008_alter_user_username_max_length', '2023-12-15 03:04:43.9678+00');
INSERT INTO public.django_migrations VALUES (14, 'auth', '0009_alter_user_last_name_max_length', '2023-12-15 03:04:43.980869+00');
INSERT INTO public.django_migrations VALUES (15, 'auth', '0010_alter_group_name_max_length', '2023-12-15 03:04:43.995099+00');
INSERT INTO public.django_migrations VALUES (16, 'auth', '0011_update_proxy_permissions', '2023-12-15 03:04:44.006021+00');
INSERT INTO public.django_migrations VALUES (17, 'auth', '0012_alter_user_first_name_max_length', '2023-12-15 03:04:44.016631+00');
INSERT INTO public.django_migrations VALUES (18, 'sessions', '0001_initial', '2023-12-15 03:04:44.044732+00');
INSERT INTO public.django_migrations VALUES (19, 'tasks', '0001_initial', '2023-12-15 03:04:44.090568+00');
INSERT INTO public.django_migrations VALUES (20, 'users', '0001_initial', '2023-12-15 03:04:44.126632+00');
INSERT INTO public.django_migrations VALUES (21, 'tasks', '0002_remove_project_end_date', '2023-12-15 12:28:23.803141+00');
INSERT INTO public.django_migrations VALUES (22, 'tasks', '0003_project_end_date', '2023-12-15 12:32:29.115196+00');
INSERT INTO public.django_migrations VALUES (23, 'tasks', '0004_rename_projectstatus_project_status', '2023-12-30 12:12:02.179709+00');
INSERT INTO public.django_migrations VALUES (24, 'tasks', '0005_rename_status_project_projectstatus', '2023-12-30 12:12:02.192304+00');
INSERT INTO public.django_migrations VALUES (25, 'users', '0002_staff', '2023-12-30 12:12:02.23073+00');


--
-- Data for Name: django_session; Type: TABLE DATA; Schema: public; Owner: my_db_user
--

INSERT INTO public.django_session VALUES ('12ocsgg2uo2qnvtgcdjokoz340woil9t', '.eJxVjDEOwjAMRe-SGUVq7To2IztniJzEogXUSE07Ie4OlTrA-t97_-WibusYt2ZLnIo7O3Cn3y1pfti8g3LX-VZ9rvO6TMnvij9o89da7Hk53L-DUdv4rbkMGUKHkoBAQIWHgECJlHLH0InggGK9BAlEYmSoyKo9Gycxdu8PqJ02lQ:1rEMSI:8Djk9-0UH_tiU9ZV4aLLX7SgKz7cj4XJqlMLs8BJ_6E', '2023-12-30 04:39:14.301833+00');


--
-- Data for Name: tasks_project; Type: TABLE DATA; Schema: public; Owner: my_db_user
--

INSERT INTO public.tasks_project VALUES (3, 'test', 'test', '2023-12-16 03:01:50.126632+00', '2023-12-16 03:01:50.126651+00', 'To do', 1, 1, NULL);
INSERT INTO public.tasks_project VALUES (2, 'fcgdfb', 'fgdfdbbdfffbd
vdfnkvfvdfvfdvvfd', '2023-12-15 12:28:33.270503+00', '2023-12-16 04:18:21.625275+00', 'To do', 1, 1, NULL);


--
-- Data for Name: users_staff; Type: TABLE DATA; Schema: public; Owner: my_db_user
--



--
-- Data for Name: users_userprofile; Type: TABLE DATA; Schema: public; Owner: my_db_user
--



--
-- Name: auth_group_id_seq; Type: SEQUENCE SET; Schema: public; Owner: my_db_user
--

SELECT pg_catalog.setval('public.auth_group_id_seq', 1, false);


--
-- Name: auth_group_permissions_id_seq; Type: SEQUENCE SET; Schema: public; Owner: my_db_user
--

SELECT pg_catalog.setval('public.auth_group_permissions_id_seq', 1, false);


--
-- Name: auth_permission_id_seq; Type: SEQUENCE SET; Schema: public; Owner: my_db_user
--

SELECT pg_catalog.setval('public.auth_permission_id_seq', 36, true);


--
-- Name: auth_user_groups_id_seq; Type: SEQUENCE SET; Schema: public; Owner: my_db_user
--

SELECT pg_catalog.setval('public.auth_user_groups_id_seq', 1, false);


--
-- Name: auth_user_id_seq; Type: SEQUENCE SET; Schema: public; Owner: my_db_user
--

SELECT pg_catalog.setval('public.auth_user_id_seq', 4, true);


--
-- Name: auth_user_user_permissions_id_seq; Type: SEQUENCE SET; Schema: public; Owner: my_db_user
--

SELECT pg_catalog.setval('public.auth_user_user_permissions_id_seq', 1, false);


--
-- Name: django_admin_log_id_seq; Type: SEQUENCE SET; Schema: public; Owner: my_db_user
--

SELECT pg_catalog.setval('public.django_admin_log_id_seq', 1, false);


--
-- Name: django_content_type_id_seq; Type: SEQUENCE SET; Schema: public; Owner: my_db_user
--

SELECT pg_catalog.setval('public.django_content_type_id_seq', 9, true);


--
-- Name: django_migrations_id_seq; Type: SEQUENCE SET; Schema: public; Owner: my_db_user
--

SELECT pg_catalog.setval('public.django_migrations_id_seq', 25, true);


--
-- Name: tasks_project_id_seq; Type: SEQUENCE SET; Schema: public; Owner: my_db_user
--

SELECT pg_catalog.setval('public.tasks_project_id_seq', 9, true);


--
-- Name: users_staff_id_seq; Type: SEQUENCE SET; Schema: public; Owner: my_db_user
--

SELECT pg_catalog.setval('public.users_staff_id_seq', 1, false);


--
-- Name: users_userprofile_id_seq; Type: SEQUENCE SET; Schema: public; Owner: my_db_user
--

SELECT pg_catalog.setval('public.users_userprofile_id_seq', 1, false);


--
-- Name: auth_group auth_group_name_key; Type: CONSTRAINT; Schema: public; Owner: my_db_user
--

ALTER TABLE ONLY public.auth_group
    ADD CONSTRAINT auth_group_name_key UNIQUE (name);


--
-- Name: auth_group_permissions auth_group_permissions_group_id_permission_id_0cd325b0_uniq; Type: CONSTRAINT; Schema: public; Owner: my_db_user
--

ALTER TABLE ONLY public.auth_group_permissions
    ADD CONSTRAINT auth_group_permissions_group_id_permission_id_0cd325b0_uniq UNIQUE (group_id, permission_id);


--
-- Name: auth_group_permissions auth_group_permissions_pkey; Type: CONSTRAINT; Schema: public; Owner: my_db_user
--

ALTER TABLE ONLY public.auth_group_permissions
    ADD CONSTRAINT auth_group_permissions_pkey PRIMARY KEY (id);


--
-- Name: auth_group auth_group_pkey; Type: CONSTRAINT; Schema: public; Owner: my_db_user
--

ALTER TABLE ONLY public.auth_group
    ADD CONSTRAINT auth_group_pkey PRIMARY KEY (id);


--
-- Name: auth_permission auth_permission_content_type_id_codename_01ab375a_uniq; Type: CONSTRAINT; Schema: public; Owner: my_db_user
--

ALTER TABLE ONLY public.auth_permission
    ADD CONSTRAINT auth_permission_content_type_id_codename_01ab375a_uniq UNIQUE (content_type_id, codename);


--
-- Name: auth_permission auth_permission_pkey; Type: CONSTRAINT; Schema: public; Owner: my_db_user
--

ALTER TABLE ONLY public.auth_permission
    ADD CONSTRAINT auth_permission_pkey PRIMARY KEY (id);


--
-- Name: auth_user_groups auth_user_groups_pkey; Type: CONSTRAINT; Schema: public; Owner: my_db_user
--

ALTER TABLE ONLY public.auth_user_groups
    ADD CONSTRAINT auth_user_groups_pkey PRIMARY KEY (id);


--
-- Name: auth_user_groups auth_user_groups_user_id_group_id_94350c0c_uniq; Type: CONSTRAINT; Schema: public; Owner: my_db_user
--

ALTER TABLE ONLY public.auth_user_groups
    ADD CONSTRAINT auth_user_groups_user_id_group_id_94350c0c_uniq UNIQUE (user_id, group_id);


--
-- Name: auth_user auth_user_pkey; Type: CONSTRAINT; Schema: public; Owner: my_db_user
--

ALTER TABLE ONLY public.auth_user
    ADD CONSTRAINT auth_user_pkey PRIMARY KEY (id);


--
-- Name: auth_user_user_permissions auth_user_user_permissions_pkey; Type: CONSTRAINT; Schema: public; Owner: my_db_user
--

ALTER TABLE ONLY public.auth_user_user_permissions
    ADD CONSTRAINT auth_user_user_permissions_pkey PRIMARY KEY (id);


--
-- Name: auth_user_user_permissions auth_user_user_permissions_user_id_permission_id_14a6b632_uniq; Type: CONSTRAINT; Schema: public; Owner: my_db_user
--

ALTER TABLE ONLY public.auth_user_user_permissions
    ADD CONSTRAINT auth_user_user_permissions_user_id_permission_id_14a6b632_uniq UNIQUE (user_id, permission_id);


--
-- Name: auth_user auth_user_username_key; Type: CONSTRAINT; Schema: public; Owner: my_db_user
--

ALTER TABLE ONLY public.auth_user
    ADD CONSTRAINT auth_user_username_key UNIQUE (username);


--
-- Name: django_admin_log django_admin_log_pkey; Type: CONSTRAINT; Schema: public; Owner: my_db_user
--

ALTER TABLE ONLY public.django_admin_log
    ADD CONSTRAINT django_admin_log_pkey PRIMARY KEY (id);


--
-- Name: django_content_type django_content_type_app_label_model_76bd3d3b_uniq; Type: CONSTRAINT; Schema: public; Owner: my_db_user
--

ALTER TABLE ONLY public.django_content_type
    ADD CONSTRAINT django_content_type_app_label_model_76bd3d3b_uniq UNIQUE (app_label, model);


--
-- Name: django_content_type django_content_type_pkey; Type: CONSTRAINT; Schema: public; Owner: my_db_user
--

ALTER TABLE ONLY public.django_content_type
    ADD CONSTRAINT django_content_type_pkey PRIMARY KEY (id);


--
-- Name: django_migrations django_migrations_pkey; Type: CONSTRAINT; Schema: public; Owner: my_db_user
--

ALTER TABLE ONLY public.django_migrations
    ADD CONSTRAINT django_migrations_pkey PRIMARY KEY (id);


--
-- Name: django_session django_session_pkey; Type: CONSTRAINT; Schema: public; Owner: my_db_user
--

ALTER TABLE ONLY public.django_session
    ADD CONSTRAINT django_session_pkey PRIMARY KEY (session_key);


--
-- Name: tasks_project tasks_project_pkey; Type: CONSTRAINT; Schema: public; Owner: my_db_user
--

ALTER TABLE ONLY public.tasks_project
    ADD CONSTRAINT tasks_project_pkey PRIMARY KEY (id);


--
-- Name: users_staff users_staff_pkey; Type: CONSTRAINT; Schema: public; Owner: my_db_user
--

ALTER TABLE ONLY public.users_staff
    ADD CONSTRAINT users_staff_pkey PRIMARY KEY (id);


--
-- Name: users_staff users_staff_user_id_key; Type: CONSTRAINT; Schema: public; Owner: my_db_user
--

ALTER TABLE ONLY public.users_staff
    ADD CONSTRAINT users_staff_user_id_key UNIQUE (user_id);


--
-- Name: users_userprofile users_userprofile_pkey; Type: CONSTRAINT; Schema: public; Owner: my_db_user
--

ALTER TABLE ONLY public.users_userprofile
    ADD CONSTRAINT users_userprofile_pkey PRIMARY KEY (id);


--
-- Name: users_userprofile users_userprofile_user_id_key; Type: CONSTRAINT; Schema: public; Owner: my_db_user
--

ALTER TABLE ONLY public.users_userprofile
    ADD CONSTRAINT users_userprofile_user_id_key UNIQUE (user_id);


--
-- Name: auth_group_name_a6ea08ec_like; Type: INDEX; Schema: public; Owner: my_db_user
--

CREATE INDEX auth_group_name_a6ea08ec_like ON public.auth_group USING btree (name varchar_pattern_ops);


--
-- Name: auth_group_permissions_group_id_b120cbf9; Type: INDEX; Schema: public; Owner: my_db_user
--

CREATE INDEX auth_group_permissions_group_id_b120cbf9 ON public.auth_group_permissions USING btree (group_id);


--
-- Name: auth_group_permissions_permission_id_84c5c92e; Type: INDEX; Schema: public; Owner: my_db_user
--

CREATE INDEX auth_group_permissions_permission_id_84c5c92e ON public.auth_group_permissions USING btree (permission_id);


--
-- Name: auth_permission_content_type_id_2f476e4b; Type: INDEX; Schema: public; Owner: my_db_user
--

CREATE INDEX auth_permission_content_type_id_2f476e4b ON public.auth_permission USING btree (content_type_id);


--
-- Name: auth_user_groups_group_id_97559544; Type: INDEX; Schema: public; Owner: my_db_user
--

CREATE INDEX auth_user_groups_group_id_97559544 ON public.auth_user_groups USING btree (group_id);


--
-- Name: auth_user_groups_user_id_6a12ed8b; Type: INDEX; Schema: public; Owner: my_db_user
--

CREATE INDEX auth_user_groups_user_id_6a12ed8b ON public.auth_user_groups USING btree (user_id);


--
-- Name: auth_user_user_permissions_permission_id_1fbb5f2c; Type: INDEX; Schema: public; Owner: my_db_user
--

CREATE INDEX auth_user_user_permissions_permission_id_1fbb5f2c ON public.auth_user_user_permissions USING btree (permission_id);


--
-- Name: auth_user_user_permissions_user_id_a95ead1b; Type: INDEX; Schema: public; Owner: my_db_user
--

CREATE INDEX auth_user_user_permissions_user_id_a95ead1b ON public.auth_user_user_permissions USING btree (user_id);


--
-- Name: auth_user_username_6821ab7c_like; Type: INDEX; Schema: public; Owner: my_db_user
--

CREATE INDEX auth_user_username_6821ab7c_like ON public.auth_user USING btree (username varchar_pattern_ops);


--
-- Name: django_admin_log_content_type_id_c4bce8eb; Type: INDEX; Schema: public; Owner: my_db_user
--

CREATE INDEX django_admin_log_content_type_id_c4bce8eb ON public.django_admin_log USING btree (content_type_id);


--
-- Name: django_admin_log_user_id_c564eba6; Type: INDEX; Schema: public; Owner: my_db_user
--

CREATE INDEX django_admin_log_user_id_c564eba6 ON public.django_admin_log USING btree (user_id);


--
-- Name: django_session_expire_date_a5c62663; Type: INDEX; Schema: public; Owner: my_db_user
--

CREATE INDEX django_session_expire_date_a5c62663 ON public.django_session USING btree (expire_date);


--
-- Name: django_session_session_key_c0390e0f_like; Type: INDEX; Schema: public; Owner: my_db_user
--

CREATE INDEX django_session_session_key_c0390e0f_like ON public.django_session USING btree (session_key varchar_pattern_ops);


--
-- Name: tasks_project_created_by_id_91543690; Type: INDEX; Schema: public; Owner: my_db_user
--

CREATE INDEX tasks_project_created_by_id_91543690 ON public.tasks_project USING btree (created_by_id);


--
-- Name: tasks_project_last_edited_by_id_69a841ed; Type: INDEX; Schema: public; Owner: my_db_user
--

CREATE INDEX tasks_project_last_edited_by_id_69a841ed ON public.tasks_project USING btree (last_edited_by_id);


--
-- Name: auth_group_permissions auth_group_permissio_permission_id_84c5c92e_fk_auth_perm; Type: FK CONSTRAINT; Schema: public; Owner: my_db_user
--

ALTER TABLE ONLY public.auth_group_permissions
    ADD CONSTRAINT auth_group_permissio_permission_id_84c5c92e_fk_auth_perm FOREIGN KEY (permission_id) REFERENCES public.auth_permission(id) DEFERRABLE INITIALLY DEFERRED;


--
-- Name: auth_group_permissions auth_group_permissions_group_id_b120cbf9_fk_auth_group_id; Type: FK CONSTRAINT; Schema: public; Owner: my_db_user
--

ALTER TABLE ONLY public.auth_group_permissions
    ADD CONSTRAINT auth_group_permissions_group_id_b120cbf9_fk_auth_group_id FOREIGN KEY (group_id) REFERENCES public.auth_group(id) DEFERRABLE INITIALLY DEFERRED;


--
-- Name: auth_permission auth_permission_content_type_id_2f476e4b_fk_django_co; Type: FK CONSTRAINT; Schema: public; Owner: my_db_user
--

ALTER TABLE ONLY public.auth_permission
    ADD CONSTRAINT auth_permission_content_type_id_2f476e4b_fk_django_co FOREIGN KEY (content_type_id) REFERENCES public.django_content_type(id) DEFERRABLE INITIALLY DEFERRED;


--
-- Name: auth_user_groups auth_user_groups_group_id_97559544_fk_auth_group_id; Type: FK CONSTRAINT; Schema: public; Owner: my_db_user
--

ALTER TABLE ONLY public.auth_user_groups
    ADD CONSTRAINT auth_user_groups_group_id_97559544_fk_auth_group_id FOREIGN KEY (group_id) REFERENCES public.auth_group(id) DEFERRABLE INITIALLY DEFERRED;


--
-- Name: auth_user_groups auth_user_groups_user_id_6a12ed8b_fk_auth_user_id; Type: FK CONSTRAINT; Schema: public; Owner: my_db_user
--

ALTER TABLE ONLY public.auth_user_groups
    ADD CONSTRAINT auth_user_groups_user_id_6a12ed8b_fk_auth_user_id FOREIGN KEY (user_id) REFERENCES public.auth_user(id) DEFERRABLE INITIALLY DEFERRED;


--
-- Name: auth_user_user_permissions auth_user_user_permi_permission_id_1fbb5f2c_fk_auth_perm; Type: FK CONSTRAINT; Schema: public; Owner: my_db_user
--

ALTER TABLE ONLY public.auth_user_user_permissions
    ADD CONSTRAINT auth_user_user_permi_permission_id_1fbb5f2c_fk_auth_perm FOREIGN KEY (permission_id) REFERENCES public.auth_permission(id) DEFERRABLE INITIALLY DEFERRED;


--
-- Name: auth_user_user_permissions auth_user_user_permissions_user_id_a95ead1b_fk_auth_user_id; Type: FK CONSTRAINT; Schema: public; Owner: my_db_user
--

ALTER TABLE ONLY public.auth_user_user_permissions
    ADD CONSTRAINT auth_user_user_permissions_user_id_a95ead1b_fk_auth_user_id FOREIGN KEY (user_id) REFERENCES public.auth_user(id) DEFERRABLE INITIALLY DEFERRED;


--
-- Name: django_admin_log django_admin_log_content_type_id_c4bce8eb_fk_django_co; Type: FK CONSTRAINT; Schema: public; Owner: my_db_user
--

ALTER TABLE ONLY public.django_admin_log
    ADD CONSTRAINT django_admin_log_content_type_id_c4bce8eb_fk_django_co FOREIGN KEY (content_type_id) REFERENCES public.django_content_type(id) DEFERRABLE INITIALLY DEFERRED;


--
-- Name: django_admin_log django_admin_log_user_id_c564eba6_fk_auth_user_id; Type: FK CONSTRAINT; Schema: public; Owner: my_db_user
--

ALTER TABLE ONLY public.django_admin_log
    ADD CONSTRAINT django_admin_log_user_id_c564eba6_fk_auth_user_id FOREIGN KEY (user_id) REFERENCES public.auth_user(id) DEFERRABLE INITIALLY DEFERRED;


--
-- Name: tasks_project tasks_project_created_by_id_91543690_fk_auth_user_id; Type: FK CONSTRAINT; Schema: public; Owner: my_db_user
--

ALTER TABLE ONLY public.tasks_project
    ADD CONSTRAINT tasks_project_created_by_id_91543690_fk_auth_user_id FOREIGN KEY (created_by_id) REFERENCES public.auth_user(id) DEFERRABLE INITIALLY DEFERRED;


--
-- Name: tasks_project tasks_project_last_edited_by_id_69a841ed_fk_auth_user_id; Type: FK CONSTRAINT; Schema: public; Owner: my_db_user
--

ALTER TABLE ONLY public.tasks_project
    ADD CONSTRAINT tasks_project_last_edited_by_id_69a841ed_fk_auth_user_id FOREIGN KEY (last_edited_by_id) REFERENCES public.auth_user(id) DEFERRABLE INITIALLY DEFERRED;


--
-- Name: users_staff users_staff_user_id_3631488f_fk_auth_user_id; Type: FK CONSTRAINT; Schema: public; Owner: my_db_user
--

ALTER TABLE ONLY public.users_staff
    ADD CONSTRAINT users_staff_user_id_3631488f_fk_auth_user_id FOREIGN KEY (user_id) REFERENCES public.auth_user(id) DEFERRABLE INITIALLY DEFERRED;


--
-- Name: users_userprofile users_userprofile_user_id_87251ef1_fk_auth_user_id; Type: FK CONSTRAINT; Schema: public; Owner: my_db_user
--

ALTER TABLE ONLY public.users_userprofile
    ADD CONSTRAINT users_userprofile_user_id_87251ef1_fk_auth_user_id FOREIGN KEY (user_id) REFERENCES public.auth_user(id) DEFERRABLE INITIALLY DEFERRED;


--
-- PostgreSQL database dump complete
--

